fold_1,fold_2,fold_3,fold_4,fold_5
553137,553137,553137,553137,553137
A1CF|29974,A1CF|29974,A1CF|29974,A1CF|29974,A1CF|29974
ABCA12|26154,ABCA12|26154,ABCA12|26154,ABCA12|26154,ABCA12|26154
ABCC11|85320,ABCC11|85320,ABCC11|85320,ABCC11|85320,ABCC11|85320
ABCC8|6833,ABCC8|6833,ABCC8|6833,ABCC8|6833,ABCC8|6833
ABP1|26,ABP1|26,ABP1|26,ABP1|26,ABP1|26
ACADL|33,ACADL|33,ACADL|33,ACADL|33,ACADL|33
ACE2|59272,ACE2|59272,ACE2|59272,ACE2|59272,ACE2|59272
ACMSD|130013,ACMSD|130013,ACMSD|130013,ACMSD|130013,ACMSD|130013
ACPP|55,ACPP|55,ACPP|55,ACPP|55,ACPP|55
ACSM2A|123876,ACSM2A|123876,ACSM2A|123876,ACSM2A|123876,ACSM2A|123876
ACSM2B|348158,ACSM2B|348158,ACSM2B|348158,ACSM2B|348158,ACSM2B|348158
ACY3|91703,ACY3|91703,ACY3|91703,ACY3|91703,ACY3|91703
ADH1B|125,ADH1B|125,ADH1B|125,ADH1B|125,ADH1B|125
ADIPOQ|9370,ADIPOQ|9370,ADIPOQ|9370,ADIPOQ|9370,ADIPOQ|9370
AGR2|10551,AGR2|10551,AGR2|10551,AGR2|10551,AGR2|10551
AGR3|155465,AGR3|155465,AGR3|155465,AGR3|155465,AGR3|155465
AGXT2|64902,AGXT2|64902,AGXT2|64902,AGXT2|64902,AGXT2|64902
AKR1B10|57016,AKR1B10|57016,AKR1B10|57016,AKR1B10|57016,AKR1B10|57016
ALDH1L1|10840,ALDH1L1|10840,ALDH1L1|10840,ALDH1L1|10840,ALDH1L1|10840
ALDH3B2|222,ALDH3B2|222,ALDH3B2|222,ALDH3B2|222,ALDH3B2|222
ALDOB|229,ALDOB|229,ALDOB|229,ALDOB|229,ALDOB|229
ALOX15B|247,ALOX15B|247,ALOX15B|247,ALOX15B|247,ALOX15B|247
AMN|81693,AMN|81693,AMN|81693,AMN|81693,AMN|81693
AMY1A|276,AMY1A|276,AMY1A|276,AMY1A|276,AMY1A|276
ANKRD30A|91074,ANGPTL4|51129,ANKRD30A|91074,ANKRD30A|91074,ANGPTL4|51129
ANKRD30B|374860,ANKRD30A|91074,ANKRD30B|374860,ANKRD30B|374860,ANKRD30A|91074
ANKS4B|257629,ANKRD30B|374860,ANKS4B|257629,ANKS4B|257629,ANKRD30B|374860
ANXA13|312,ANKS4B|257629,ANXA13|312,ANXA13|312,ANKS4B|257629
ANXA8|653145,ANXA13|312,AQP4|361,ANXA8|653145,ANXA13|312
AQP4|361,ANXA8|653145,AQP5|362,AQP4|361,ANXA8|653145
AQP5|362,AQP4|361,ARSE|415,AQP5|362,AQP4|361
ARSE|415,AQP5|362,AR|367,ARSE|415,AQP5|362
AR|367,ARSE|415,ATP10B|23120,AR|367,ARSE|415
ATP10B|23120,ASCL1|429,ATP13A4|84239,ATP10B|23120,AR|367
ATP13A4|84239,ATP10B|23120,ATP6V0A4|50617,ATP6V0A4|50617,ATP10B|23120
AZGP1|563,ATP6V0A4|50617,AZGP1|563,AZGP1|563,ATP6V0A4|50617
B3GNT6|192134,AZGP1|563,B3GNT3|10331,B3GNT6|192134,AZGP1|563
BBOX1|8424,B3GNT6|192134,B3GNT6|192134,BBOX1|8424,B3GNT3|10331
BCAS1|8537,BBOX1|8424,BBOX1|8424,BCAS1|8537,B3GNT6|192134
BEND4|389206,BCAS1|8537,BCAS1|8537,BEND4|389206,BBOX1|8424
BHMT2|23743,BEND4|389206,BEND4|389206,BHMT2|23743,BCAS1|8537
BHMT|635,BHMT2|23743,BHMT2|23743,BHMT|635,BEND4|389206
BMPR1B|658,BHMT|635,BHMT|635,BMPR1B|658,BHMT2|23743
BPIL1|80341,BMPR1B|658,BMPR1B|658,BPIL1|80341,BHMT|635
C10orf81|79949,BPIL1|80341,BNIPL|149428,C10orf81|79949,BMPR1B|658
C10orf99|387695,C10orf81|79949,BPIL1|80341,C10orf99|387695,BPIL1|80341
C12orf36|283422,C10orf99|387695,C10orf81|79949,C12orf36|283422,C10orf81|79949
C14orf105|55195,C12orf36|283422,C10orf99|387695,C14orf105|55195,C10orf99|387695
C16orf89|146556,C14orf105|55195,C12orf36|283422,C16orf89|146556,C12orf36|283422
C17orf93|360205,C16orf89|146556,C14orf105|55195,C17orf93|360205,C14orf105|55195
C19orf77|284422,C17orf93|360205,C16orf89|146556,C19orf77|284422,C16orf89|146556
C1orf116|79098,C19orf21|126353,C17orf93|360205,C1orf116|79098,C17orf93|360205
C1orf64|149563,C19orf77|284422,C19orf21|126353,C1orf64|149563,C19orf77|284422
C20orf114|92747,C1orf116|79098,C19orf77|284422,C20orf114|92747,C1orf116|79098
C20orf56|140828,C1orf64|149563,C1orf116|79098,C20orf56|140828,C1orf64|149563
C3orf57|165679,C20orf114|92747,C1orf64|149563,C3orf57|165679,C20orf114|92747
C4BPA|722,C20orf56|140828,C20orf114|92747,C4BPA|722,C20orf56|140828
C4orf7|260436,C3orf57|165679,C20orf56|140828,C4orf7|260436,C3orf57|165679
C6orf223|221416,C4BPA|722,C3orf57|165679,C6orf223|221416,C4BPA|722
C7|730,C4orf7|260436,C4BPA|722,C7|730,C4orf7|260436
C8orf85|441376,C6orf223|221416,C4orf7|260436,C8orf85|441376,C6orf223|221416
C9orf152|401546,C7|730,C6orf223|221416,C9orf152|401546,C7|730
CA9|768,C8orf85|441376,C7|730,CA9|768,C8orf85|441376
CACNG4|27092,C9orf152|401546,C8orf85|441376,CACNG4|27092,C9orf152|401546
CALML3|810,CA9|768,C9orf152|401546,CALCA|796,CA12|771
CALML5|51806,CACNG4|27092,CA9|768,CALML5|51806,CA9|768
CAPN8|388743,CALCA|796,CACNG4|27092,CAPN8|388743,CACNG4|27092
CCL15|6359,CALML5|51806,CALML5|51806,CCL14-CCL15|348249,CALML5|51806
CCL20|6364,CAPN8|388743,CAPN8|388743,CCL15|6359,CAPN8|388743
CD177|57126,CCL15|6359,CCL15|6359,CCL20|6364,CCL15|6359
CDH16|1014,CCL20|6364,CCL20|6364,CD177|57126,CCL20|6364
CDH17|1015,CD177|57126,CD177|57126,CDH16|1014,CD177|57126
CDHR1|92211,CDH16|1014,CDH16|1014,CDH17|1015,CDH16|1014
CDHR2|54825,CDH17|1015,CDH17|1015,CDHR1|92211,CDH17|1015
CDHR5|53841,CDHR2|54825,CDHR2|54825,CDHR2|54825,CDHR1|92211
CDX1|1044,CDHR5|53841,CDHR5|53841,CDHR5|53841,CDHR2|54825
CDX2|1045,CDX1|1044,CDX1|1044,CDX1|1044,CDHR5|53841
CEACAM5|1048,CDX2|1045,CDX2|1045,CDX2|1045,CDX1|1044
CEACAM6|4680,CEACAM5|1048,CEACAM5|1048,CEACAM5|1048,CDX2|1045
CEACAM7|1087,CEACAM6|4680,CEACAM6|4680,CEACAM6|4680,CEACAM5|1048
CFTR|1080,CEACAM7|1087,CEACAM7|1087,CEACAM7|1087,CEACAM6|4680
CHGA|1113,CFTR|1080,CFTR|1080,CFTR|1080,CEACAM7|1087
CHGB|1114,CHGA|1113,CHGA|1113,CHGA|1113,CFTR|1080
CHIT1|1118,CHGB|1114,CHGB|1114,CHIT1|1118,CHGA|1113
CHRDL1|91851,CHIT1|1118,CHRM1|1128,CHRM1|1128,CHIT1|1118
CHRM1|1128,CHRDL1|91851,CHRNA2|1135,CHRNA2|1135,CHRM1|1128
CHRNA2|1135,CHRM1|1128,CILP|8483,CHST9|83539,CHRNA2|1135
CHST9|83539,CHRNA2|1135,CKMT1A|548596,CILP|8483,CHST9|83539
CILP|8483,CHST9|83539,CLCA2|9635,CKMT1A|548596,CILP|8483
CKMT1B|1159,CILP|8483,CLDN10|9071,CKMT1B|1159,CKMT1A|548596
CLDN10|9071,CKMT1A|548596,CLDN2|9075,CLCA2|9635,CKMT1B|1159
CLDN18|51208,CKMT1B|1159,CLDN8|9073,CLDN10|9071,CLCA2|9635
CLDN2|9075,CLCA2|9635,CLEC18A|348174,CLDN2|9075,CLDN10|9071
CLDN8|9073,CLDN10|9071,CLEC18B|497190,CLDN8|9073,CLDN18|51208
CLEC18A|348174,CLDN2|9075,CLEC18C|283971,CLEC18A|348174,CLDN2|9075
CLEC18B|497190,CLDN8|9073,CLEC3A|10143,CLEC18B|497190,CLDN8|9073
CLEC18C|283971,CLEC18A|348174,CLGN|1047,CLEC18C|283971,CLEC18A|348174
CLEC3A|10143,CLEC18B|497190,CLRN3|119467,CLEC3A|10143,CLEC18B|497190
CLGN|1047,CLEC18C|283971,CLSTN2|64084,CLGN|1047,CLEC18C|283971
CLRN3|119467,CLEC3A|10143,CNTNAP2|26047,CLRN3|119467,CLEC3A|10143
CLSTN2|64084,CLGN|1047,COL10A1|1300,CLSTN2|64084,CLGN|1047
CNTNAP2|26047,CLRN3|119467,COL11A1|1301,CNTNAP2|26047,CLRN3|119467
COL10A1|1300,CLSTN2|64084,COL17A1|1308,COL10A1|1300,CLSTN2|64084
COL11A1|1301,CNTNAP2|26047,COL23A1|91522,COL11A1|1301,CNTNAP2|26047
COL17A1|1308,COL10A1|1300,COL2A1|1280,COL17A1|1308,COL10A1|1300
COL23A1|91522,COL11A1|1301,COMP|1311,COL23A1|91522,COL11A1|1301
COL2A1|1280,COL17A1|1308,CPB1|1360,COL2A1|1280,COL17A1|1308
COMP|1311,COL23A1|91522,CPNE4|131034,COMP|1311,COL23A1|91522
CPB1|1360,COL2A1|1280,CP|1356,CPB1|1360,COL2A1|1280
CPNE4|131034,COMP|1311,CRABP1|1381,CPNE4|131034,COMP|1311
CP|1356,CPB1|1360,CRABP2|1382,CP|1356,CPB1|1360
CRABP1|1381,CPNE4|131034,CREB3L3|84699,CRABP1|1381,CPNE4|131034
CRABP2|1382,CP|1356,CRISP3|10321,CRABP2|1382,CP|1356
CREB3L3|84699,CRABP1|1381,CRYM|1428,CREB3L3|84699,CRABP1|1381
CRISP3|10321,CRABP2|1382,CST1|1469,CRISP3|10321,CRABP2|1382
CRYM|1428,CREB3L3|84699,CTNND2|1501,CRYM|1428,CREB3L3|84699
CST1|1469,CRISP3|10321,CTSE|1510,CST1|1469,CRISP3|10321
CTNND2|1501,CRYM|1428,CUBN|8029,CTNND2|1501,CRYM|1428
CTSE|1510,CST1|1469,CUX2|23316,CTSE|1510,CST1|1469
CUBN|8029,CTNND2|1501,CWH43|80157,CUBN|8029,CTNND2|1501
CUX2|23316,CTSE|1510,CXCL17|284340,CUX2|23316,CTSE|1510
CWH43|80157,CUBN|8029,CXCL1|2919,CWH43|80157,CUBN|8029
CXCL17|284340,CUX2|23316,CXCL5|6374,CXCL17|284340,CUX2|23316
CXCL1|2919,CWH43|80157,CYP24A1|1591,CXCL1|2919,CWH43|80157
CXCL5|6374,CXCL17|284340,CYP2B7P1|1556,CXCL5|6374,CXCL17|284340
CYP24A1|1591,CXCL1|2919,CYP4A11|1579,CYP24A1|1591,CXCL1|2919
CYP2B7P1|1556,CXCL5|6374,CYP4B1|1580,CYP2B7P1|1556,CXCL5|6374
CYP3A5|1577,CYP24A1|1591,CYP4F8|11283,CYP4A11|1579,CYP24A1|1591
CYP4A11|1579,CYP2A6|1548,CYP4Z1|199974,CYP4B1|1580,CYP2B7P1|1556
CYP4B1|1580,CYP2B7P1|1556,CYP4Z2P|163720,CYP4F8|11283,CYP3A5|1577
CYP4F8|11283,CYP4A11|1579,CYorf15A|246126,CYP4Z1|199974,CYP4A11|1579
CYP4Z1|199974,CYP4B1|1580,CYorf15B|84663,CYP4Z2P|163720,CYP4B1|1580
CYP4Z2P|163720,CYP4F8|11283,DACT2|168002,CYorf15A|246126,CYP4F8|11283
CYorf15A|246126,CYP4Z1|199974,DDC|1644,CYorf15B|84663,CYP4Z1|199974
CYorf15B|84663,CYP4Z2P|163720,DDX3Y|8653,DACT2|168002,CYP4Z2P|163720
DACT2|168002,CYorf15A|246126,DEFB1|1672,DDC|1644,CYorf15A|246126
DDC|1644,CYorf15B|84663,DES|1674,DDX3Y|8653,CYorf15B|84663
DDX3Y|8653,DACT2|168002,DHRS2|10202,DEFB1|1672,DACT2|168002
DEFB1|1672,DDC|1644,DIRAS2|54769,DES|1674,DDC|1644
DES|1674,DDX3Y|8653,DLX1|1745,DHRS2|10202,DDX3Y|8653
DHRS2|10202,DEFB1|1672,DMBT1|1755,DIRAS2|54769,DEFB1|1672
DIRAS2|54769,DES|1674,DNAH11|8701,DMBT1|1755,DES|1674
DLX1|1745,DHRS2|10202,DPYS|1807,DNAH11|8701,DHRS2|10202
DMBT1|1755,DIRAS2|54769,DSC3|1825,DPYS|1807,DIRAS2|54769
DNAH11|8701,DMBT1|1755,DSG3|1830,DSC3|1825,DMBT1|1755
DPEP1|1800,DNAH11|8701,EEF1A2|1917,DSG3|1830,DNAH11|8701
DPYS|1807,DPYS|1807,EHF|26298,EEF1A2|1917,DPYS|1807
DSC3|1825,DSC3|1825,EIF1AY|9086,EHF|26298,DSC3|1825
DSG3|1830,DSG3|1830,ELF5|2001,EIF1AY|9086,DSG3|1830
EEF1A2|1917,EEF1A2|1917,EMX2OS|196047,ELF5|2001,EEF1A2|1917
EHF|26298,EHF|26298,EMX2|2018,EMX2OS|196047,EHF|26298
EIF1AY|9086,EIF1AY|9086,ENPP3|5169,EMX2|2018,EIF1AY|9086
ELF5|2001,ELF5|2001,EPHA7|2045,ENPP3|5169,ELF5|2001
EMX2OS|196047,EMX2OS|196047,EPN3|55040,EPHA7|2045,EMX2OS|196047
EMX2|2018,EMX2|2018,EPS8L3|79574,EPN3|55040,EMX2|2018
ENPP3|5169,ENPP3|5169,ERBB4|2066,EPS8L3|79574,ENPP3|5169
EPHA7|2045,EPHA7|2045,EREG|2069,ERBB4|2066,EPHA7|2045
EPN3|55040,EPN3|55040,ERN2|10595,EREG|2069,EPN3|55040
EPS8L3|79574,EPS8L3|79574,ESR1|2099,ERN2|10595,EPS8L3|79574
ERBB4|2066,ERBB4|2066,ESRP1|54845,ESR1|2099,ERBB4|2066
EREG|2069,EREG|2069,FABP1|2168,ESRP1|54845,EREG|2069
ERN2|10595,ERN2|10595,FABP4|2167,ETV4|2118,ERN2|10595
ESR1|2099,ESR1|2099,FABP6|2172,FABP1|2168,ESR1|2099
ESRP1|54845,ESRP1|54845,FABP7|2173,FABP4|2167,ESRP1|54845
ETV4|2118,ETV4|2118,FAM3B|54097,FABP6|2172,FABP1|2168
FABP1|2168,FABP1|2168,FAM3D|131177,FABP7|2173,FABP4|2167
FABP4|2167,FABP4|2167,FAM5C|339479,FAM3B|54097,FABP6|2172
FABP6|2172,FABP6|2172,FAM83A|84985,FAM3D|131177,FABP7|2173
FABP7|2173,FABP7|2173,FAM83E|54854,FAM5C|339479,FAM3B|54097
FAM3B|54097,FAM3B|54097,FERMT1|55612,FAM83A|84985,FAM3D|131177
FAM3D|131177,FAM3D|131177,FGA|2243,FAM83E|54854,FAM5C|339479
FAM5C|339479,FAM5C|339479,FGB|2244,FERMT1|55612,FAM83A|84985
FAM83A|84985,FAM83A|84985,FGG|2266,FGA|2243,FAM83E|54854
FAM83E|54854,FAM83E|54854,FGL1|2267,FGB|2244,FERMT1|55612
FERMT1|55612,FERMT1|55612,FLJ45983|399717,FGG|2266,FGA|2243
FGA|2243,FGA|2243,FOLH1|2346,FGL1|2267,FGB|2244
FGB|2244,FGB|2244,FOLR1|2348,FLJ45983|399717,FGFBP1|9982
FGG|2266,FGG|2266,FOXA1|3169,FOLH1|2346,FGG|2266
FGL1|2267,FGL1|2267,FOXA2|3170,FOLR1|2348,FGL1|2267
FLJ45983|399717,FLJ45983|399717,FOXI1|2299,FOXA1|3169,FLJ45983|399717
FOLH1|2346,FOLH1|2346,FOXJ1|2302,FOXA2|3170,FOLH1|2346
FOLR1|2348,FOLR1|2348,FUT3|2525,FOXA3|3171,FOLR1|2348
FOXA1|3169,FOXA1|3169,FUT6|2528,FOXI1|2299,FOXA1|3169
FOXA2|3170,FOXA2|3170,FXYD2|486,FOXJ1|2302,FOXA2|3170
FOXA3|3171,FOXA3|3171,FXYD3|5349,FUT3|2525,FOXA3|3171
FOXI1|2299,FOXI1|2299,GABRB3|2562,FUT6|2528,FOXI1|2299
FOXJ1|2302,FOXJ1|2302,GABRP|2568,FXYD2|486,FOXJ1|2302
FUT3|2525,FUT3|2525,GAL3ST1|9514,FXYD3|5349,FUT3|2525
FUT6|2528,FUT6|2528,GALNT14|79623,GABRB3|2562,FUT6|2528
FXYD2|486,FXYD2|486,GATA3|2625,GABRP|2568,FXYD2|486
FXYD3|5349,FXYD3|5349,GBA3|57733,GAL3ST1|9514,FXYD3|5349
GABRB3|2562,GABRB3|2562,GCNT3|9245,GALNT14|79623,GABRB3|2562
GABRP|2568,GABRP|2568,GDA|9615,GATA3|2625,GABRP|2568
GAL3ST1|9514,GAL3ST1|9514,GDEP|118425,GBA3|57733,GAL3ST1|9514
GALNT14|79623,GALNT14|79623,GFRA1|2674,GCNT3|9245,GALNT14|79623
GATA3|2625,GATA3|2625,GJB1|2705,GDA|9615,GATA3|2625
GBA3|57733,GBA3|57733,GLB1L3|112937,GFRA1|2674,GBA3|57733
GCNT3|9245,GCNT3|9245,GLYATL1|92292,GJB1|2705,GCNT3|9245
GDA|9615,GDA|9615,GLYAT|10249,GLB1L3|112937,GDA|9615
GDEP|118425,GDEP|118425,GNG4|2786,GLYATL1|92292,GDEP|118425
GFRA1|2674,GFRA1|2674,GP2|2813,GLYAT|10249,GFRA1|2674
GJB1|2705,GJB1|2705,GPA33|10223,GNG4|2786,GJB1|2705
GLB1L3|112937,GLB1L3|112937,GPR110|266977,GP2|2813,GLB1L3|112937
GLYATL1|92292,GLYATL1|92292,GPX2|2877,GPA33|10223,GLYATL1|92292
GLYAT|10249,GLYAT|10249,GREB1|9687,GPR110|266977,GLYAT|10249
GNG4|2786,GNG4|2786,GRHL2|79977,GPX2|2877,GNG4|2786
GP2|2813,GP2|2813,GSTA1|2938,GREB1|9687,GP2|2813
GPA33|10223,GPA33|10223,GSTA2|2939,GRHL2|79977,GPA33|10223
GPR110|266977,GPD1|2819,GSTM1|2944,GRIK3|2899,GPD1|2819
GPX2|2877,GPR110|266977,GSTT1|2952,GSTA1|2938,GPR110|266977
GREB1|9687,GPX2|2877,HABP2|3026,GSTA2|2939,GPX2|2877
GRHL2|79977,GREB1|9687,HAO2|51179,GSTM1|2944,GREB1|9687
GRIK3|2899,GRHL2|79977,HAVCR1|26762,GSTT1|2952,GRHL2|79977
GSTA1|2938,GSTA1|2938,HBA1|3039,HABP2|3026,GSTA1|2938
GSTA2|2939,GSTA2|2939,HGD|3081,HAO2|51179,GSTA2|2939
GSTM1|2944,GSTM1|2944,HHLA2|11148,HAVCR1|26762,GSTM1|2944
GSTT1|2952,GSTT1|2952,HKDC1|80201,HBA1|3039,GSTT1|2952
HABP2|3026,HABP2|3026,HMGCS2|3158,HHLA2|11148,HABP2|3026
HAVCR1|26762,HAO2|51179,HNF1B|6928,HKDC1|80201,HAO2|51179
HBA1|3039,HAVCR1|26762,HNF4A|3172,HMGCS2|3158,HAVCR1|26762
HHLA2|11148,HBA1|3039,HOXA11AS|221883,HNF1B|6928,HBA1|3039
HKDC1|80201,HHLA2|11148,HOXA13|3209,HNF4A|3172,HHLA2|11148
HMGCS2|3158,HKDC1|80201,HOXB13|10481,HOXA11AS|221883,HKDC1|80201
HNF1B|6928,HMGCS2|3158,HOXC10|3226,HOXA13|3209,HMGCS2|3158
HNF4A|3172,HNF1B|6928,HOXC13|3229,HOXB13|10481,HNF1B|6928
HOXA11AS|221883,HNF4A|3172,HP|3240,HOXC10|3226,HNF4A|3172
HOXA13|3209,HOXA11AS|221883,IHH|3549,HOXC13|3229,HOXA11AS|221883
HOXB13|10481,HOXA13|3209,IL20RA|53832,HP|3240,HOXA13|3209
HOXC10|3226,HOXB13|10481,IRX2|153572,HS6ST3|266722,HOXB13|10481
HOXC13|3229,HOXC10|3226,IRX4|50805,IHH|3549,HOXC10|3226
HP|3240,HOXC13|3229,ISX|91464,IL20RA|53832,HOXC13|3229
IHH|3549,HP|3240,KCNC2|3747,IRX4|50805,HP|3240
IL20RA|53832,IHH|3549,KCNJ16|3773,KCNC2|3747,HS6ST3|266722
IRX4|50805,IL20RA|53832,KCNJ3|3760,KCNJ16|3773,IHH|3549
KCNC2|3747,IRX2|153572,KCNK3|3777,KCNJ3|3760,IL20RA|53832
KCNJ16|3773,IRX4|50805,KDM5D|8284,KCNK3|3777,IRX4|50805
KCNJ3|3760,KCNC2|3747,KIAA1324|57535,KDM5D|8284,KCNC2|3747
KCNK3|3777,KCNJ16|3773,KIF1A|547,KIAA1324|57535,KCNJ16|3773
KDM5D|8284,KCNJ3|3760,KLK10|5655,KIF1A|547,KCNJ3|3760
KIAA1324|57535,KCNK3|3777,KLK11|11012,KLK10|5655,KCNK3|3777
KIF1A|547,KDM5D|8284,KLK12|43849,KLK11|11012,KDM5D|8284
KLK10|5655,KIAA1324|57535,KLK2|3817,KLK12|43849,KIAA1324|57535
KLK11|11012,KIF1A|547,KLK3|354,KLK2|3817,KIF1A|547
KLK12|43849,KLK10|5655,KLK4|9622,KLK3|354,KLK10|5655
KLK2|3817,KLK11|11012,KLK5|25818,KLK4|9622,KLK11|11012
KLK3|354,KLK12|43849,KLK6|5653,KLK5|25818,KLK12|43849
KLK4|9622,KLK2|3817,KRT14|3861,KLK6|5653,KLK2|3817
KLK5|25818,KLK3|354,KRT15|3866,KRT14|3861,KLK3|354
KLK6|5653,KLK4|9622,KRT16|3868,KRT15|3866,KLK4|9622
KRT14|3861,KLK5|25818,KRT17|3872,KRT16|3868,KLK5|25818
KRT15|3866,KLK6|5653,KRT20|54474,KRT17|3872,KLK6|5653
KRT16|3868,KRT14|3861,KRT23|25984,KRT20|54474,KRT14|3861
KRT17|3872,KRT15|3866,KRT5|3852,KRT23|25984,KRT15|3866
KRT20|54474,KRT16|3868,KRT6A|3853,KRT5|3852,KRT16|3868
KRT23|25984,KRT17|3872,KRT6B|3854,KRT6A|3853,KRT17|3872
KRT5|3852,KRT20|54474,KRT7|3855,KRT6B|3854,KRT20|54474
KRT6A|3853,KRT23|25984,LBP|3929,KRT7|3855,KRT23|25984
KRT6B|3854,KRT5|3852,LCN2|3934,LBP|3929,KRT5|3852
KRT7|3855,KRT6A|3853,LGALS4|3960,LCN2|3934,KRT6A|3853
LBP|3929,KRT6B|3854,LMAN1L|79748,LGALS4|3960,KRT6B|3854
LCN2|3934,KRT7|3855,LMO3|55885,LMAN1L|79748,KRT7|3855
LGALS4|3960,LBP|3929,LMX1B|4010,LMO3|55885,LBP|3929
LMAN1L|79748,LCN2|3934,LOC339535|339535,LMX1B|4010,LCN2|3934
LMO3|55885,LGALS4|3960,LOC642587|642587,LOC100131551|100131551,LGALS4|3960
LMX1B|4010,LMAN1L|79748,LOC728606|728606,LOC339535|339535,LMAN1L|79748
LOC100131551|100131551,LMO3|55885,LOC84740|84740,LOC642587|642587,LMO3|55885
LOC339535|339535,LMX1B|4010,LRP2|4036,LOC728606|728606,LMX1B|4010
LOC642587|642587,LOC100131551|100131551,LRRC15|131578,LOC84740|84740,LOC642587|642587
LOC728606|728606,LOC100190940|100190940,LRRC19|64922,LRP2|4036,LOC728606|728606
LOC84740|84740,LOC642587|642587,LRRC26|389816,LRRC15|131578,LOC84740|84740
LRP2|4036,LOC728606|728606,LTF|4057,LRRC19|64922,LRP2|4036
LRRC15|131578,LOC84740|84740,MARCO|8685,LRRC26|389816,LRRC15|131578
LRRC19|64922,LRP2|4036,MASP1|5648,LRRN1|57633,LRRC19|64922
LRRC26|389816,LRRC15|131578,METTL7B|196410,LTF|4057,LRRC26|389816
LTF|4057,LRRC19|64922,MGAM|8972,MARCO|8685,LTF|4057
MAPT|4137,LRRC26|389816,MIOX|55586,MASP1|5648,MARCO|8685
MARCO|8685,LTF|4057,MLPH|79083,METTL7B|196410,MASP1|5648
MASP1|5648,MARCO|8685,MMP12|4321,MGAM|8972,METTL7B|196410
METTL7B|196410,MASP1|5648,MMP13|4322,MIOX|55586,MGAM|8972
MGAM|8972,METTL7B|196410,MMP1|4312,MLPH|79083,MIOX|55586
MIOX|55586,MGAM|8972,MMP3|4314,MMP12|4321,MLPH|79083
MLPH|79083,MIOX|55586,MS4A8B|83661,MMP13|4322,MMP12|4321
MMP12|4321,MMP12|4321,MSLN|10232,MMP1|4312,MMP13|4322
MMP13|4322,MMP13|4322,MSMB|4477,MMP3|4314,MMP1|4312
MMP1|4312,MMP1|4312,MUC12|10071,MS4A8B|83661,MMP3|4314
MMP3|4314,MMP3|4314,MUC13|56667,MSLN|10232,MS4A8B|83661
MS4A15|219995,MS4A15|219995,MUC15|143662,MSMB|4477,MSLN|10232
MS4A8B|83661,MS4A8B|83661,MUC16|94025,MUC12|10071,MSMB|4477
MSLN|10232,MSLN|10232,MUC21|394263,MUC13|56667,MUC12|10071
MSMB|4477,MSMB|4477,MUC2|4583,MUC15|143662,MUC13|56667
MUC12|10071,MUC12|10071,MUC4|4585,MUC16|94025,MUC15|143662
MUC13|56667,MUC13|56667,MUC5B|727897,MUC21|394263,MUC16|94025
MUC15|143662,MUC15|143662,MUC6|4588,MUC2|4583,MUC21|394263
MUC16|94025,MUC16|94025,MUCL1|118430,MUC4|4585,MUC2|4583
MUC21|394263,MUC21|394263,MYBPC1|4604,MUC5B|727897,MUC4|4585
MUC2|4583,MUC2|4583,MYB|4602,MUC6|4588,MUC5B|727897
MUC4|4585,MUC4|4585,MYEOV|26579,MUCL1|118430,MUC6|4588
MUC5B|727897,MUC5B|727897,MYO7B|4648,MYBPC1|4604,MUCL1|118430
MUC6|4588,MUC6|4588,MYOM3|127294,MYEOV|26579,MYBPC1|4604
MUCL1|118430,MUCL1|118430,NAPSA|9476,MYO7B|4648,MYB|4602
MYBPC1|4604,MYBPC1|4604,NAT8|9027,MYOM3|127294,MYEOV|26579
MYB|4602,MYB|4602,NEFH|4744,NAPSA|9476,MYO7B|4648
MYEOV|26579,MYEOV|26579,NEFL|4747,NAT8|9027,MYOM3|127294
MYO7B|4648,MYO7B|4648,NKAIN1|79570,NDUFA4L2|56901,NAPSA|9476
MYOM3|127294,MYOM3|127294,NKX2-1|7080,NEFH|4744,NAT8|9027
NAPSA|9476,NAPSA|9476,NKX3-1|4824,NEFL|4747,NEFH|4744
NAT8|9027,NAT8|9027,NLGN4Y|22829,NKAIN1|79570,NEFL|4747
NEFH|4744,NEFH|4744,NLRP2|55655,NKX2-1|7080,NKAIN1|79570
NEFL|4747,NEFL|4747,NOX1|27035,NKX3-1|4824,NKX2-1|7080
NKAIN1|79570,NKAIN1|79570,NPY1R|4886,NLGN1|22871,NKX3-1|4824
NKX2-1|7080,NKX2-1|7080,NPY|4852,NLGN4Y|22829,NLGN1|22871
NKX3-1|4824,NKX3-1|4824,NR1H4|9971,NLRP2|55655,NLGN4Y|22829
NLGN1|22871,NLGN1|22871,NWD1|284434,NOX1|27035,NLRP2|55655
NLGN4Y|22829,NLGN4Y|22829,ODZ1|10178,NPY1R|4886,NOX1|27035
NLRP2|55655,NLRP2|55655,OGDHL|55753,NPY|4852,NPY1R|4886
NOX1|27035,NOX1|27035,OLFM4|10562,NR1H4|9971,NPY|4852
NPY1R|4886,NPY1R|4886,OR51E2|81285,NWD1|284434,NR1H4|9971
NPY|4852,NPY|4852,ORM1|5004,ODZ1|10178,NWD1|284434
NR1H4|9971,NR1H4|9971,ORM2|5005,OGDHL|55753,ODZ1|10178
NWD1|284434,NWD1|284434,PABPC1L2B|645974,OLFM4|10562,OGDHL|55753
ODZ1|10178,ODZ1|10178,PAEP|5047,OR51E2|81285,OLFM4|10562
OGDHL|55753,OGDHL|55753,PAH|5053,ORM1|5004,OR51E2|81285
OLFM4|10562,OLFM4|10562,PART1|25859,ORM2|5005,ORM1|5004
OR51E2|81285,OR51E2|81285,PAX2|5076,PABPC1L2B|645974,ORM2|5005
ORM1|5004,ORM1|5004,PCA3|50652,PAEP|5047,PABPC1L2B|645974
ORM2|5005,ORM2|5005,PCDH10|57575,PAH|5053,PAEP|5047
PABPC1L2B|645974,PABPC1L2B|645974,PCK1|5105,PART1|25859,PAH|5053
PAEP|5047,PAEP|5047,PCP4|5121,PAX2|5076,PART1|25859
PART1|25859,PART1|25859,PCSK9|255738,PCA3|50652,PAX2|5076
PAX2|5076,PAX2|5076,PDZK1|5174,PCDH10|57575,PCA3|50652
PCA3|50652,PCA3|50652,PEBP4|157310,PCK1|5105,PCDH10|57575
PCDH10|57575,PCDH10|57575,PEG10|23089,PCP4|5121,PCK1|5105
PCK1|5105,PCK1|5105,PGC|5225,PCSK9|255738,PCP4|5121
PCP4|5121,PCP4|5121,PHGR1|644844,PDZK1|5174,PCSK9|255738
PCSK9|255738,PCSK9|255738,PI15|51050,PEBP4|157310,PDZK1|5174
PDZK1|5174,PDZK1|5174,PI3|5266,PEG10|23089,PEBP4|157310
PEBP4|157310,PEBP4|157310,PIGR|5284,PGC|5225,PEG10|23089
PEG10|23089,PEG10|23089,PIP|5304,PHGR1|644844,PGC|5225
PGC|5225,PGC|5225,PITX1|5307,PI15|51050,PHGR1|644844
PHGR1|644844,PHGR1|644844,PKHD1|5314,PI3|5266,PI3|5266
PI3|5266,PI3|5266,PKLR|5313,PIGR|5284,PIGR|5284
PIGR|5284,PIGR|5284,PKP1|5317,PIP|5304,PIP|5304
PIP|5304,PIP|5304,PKP3|11187,PITX1|5307,PITX1|5307
PITX1|5307,PITX1|5307,PLA2G2A|5320,PKHD1|5314,PKHD1|5314
PKHD1|5314,PKHD1|5314,PLUNC|51297,PKLR|5313,PKLR|5313
PKLR|5313,PKLR|5313,PNCK|139728,PKP1|5317,PKP1|5317
PKP1|5317,PKP1|5317,POF1B|79983,PKP3|11187,PKP3|11187
PKP3|11187,PKP3|11187,PON3|5446,PLA2G2A|5320,PLA2G2A|5320
PLA2G2A|5320,PLA2G2A|5320,POU3F3|5455,PLA2G4F|255189,PLUNC|51297
PLA2G4F|255189,PLUNC|51297,PPAN-P2RY11|692312,PLUNC|51297,PNCK|139728
PLUNC|51297,PNCK|139728,PPP1R14D|54866,PNCK|139728,POF1B|79983
PNCK|139728,POF1B|79983,PPP1R1B|84152,POF1B|79983,PON3|5446
POF1B|79983,PON3|5446,PPP2R2C|5522,PON3|5446,POU3F3|5455
PON3|5446,POU3F3|5455,PRAC|84366,POU3F3|5455,PPAN-P2RY11|692312
POU3F3|5455,PPAN-P2RY11|692312,PRAME|23532,PPAN-P2RY11|692312,PPP1R14D|54866
PPAN-P2RY11|692312,PPP1R14D|54866,PRAP1|118471,PPP1R14D|54866,PPP1R1B|84152
PPP1R14D|54866,PPP1R1B|84152,PRKY|5616,PPP1R1B|84152,PPP2R2C|5522
PPP1R1B|84152,PPP2R2C|5522,PRODH2|58510,PPP2R2C|5522,PRAC|84366
PPP2R2C|5522,PRAC|84366,PROM1|8842,PRAC|84366,PRAME|23532
PRAC|84366,PRAME|23532,PRSS3|5646,PRAME|23532,PRAP1|118471
PRAME|23532,PRAP1|118471,PSCA|8000,PRAP1|118471,PRKY|5616
PRAP1|118471,PRKY|5616,PTPRH|5794,PRKY|5616,PRODH2|58510
PRKY|5616,PRODH2|58510,PTPRT|11122,PRODH2|58510,PROM1|8842
PRODH2|58510,PROM1|8842,QRFPR|84109,PROM1|8842,PRSS3|5646
PROM1|8842,PRSS3|5646,RAB25|57111,PRSS3|5646,PSCA|8000
PRSS3|5646,PSCA|8000,RAB3B|5865,PSCA|8000,PTPRT|11122
PSCA|8000,PTPRT|11122,REG1A|5967,PTPRT|11122,QRFPR|84109
PTPRT|11122,QRFPR|84109,REG4|83998,QRFPR|84109,RAB25|57111
QRFPR|84109,RAB25|57111,RET|5979,RAB25|57111,REG1A|5967
RAB25|57111,REG1A|5967,RIMS4|140730,REG1A|5967,REG4|83998
REG1A|5967,REG4|83998,RNF186|54546,REG4|83998,RIMS4|140730
REG4|83998,REN|5972,ROS1|6098,REN|5972,RNF186|54546
RIMS4|140730,RIMS4|140730,RPS28|6234,RET|5979,ROS1|6098
RNF186|54546,RNF186|54546,RPS4Y1|6192,RIMS4|140730,RPS28|6234
ROS1|6098,ROS1|6098,S100A14|57402,RNF186|54546,RPS4Y1|6192
RPS28|6234,RPS28|6234,S100A7|6278,ROS1|6098,S100A14|57402
RPS4Y1|6192,RPS4Y1|6192,S100P|6286,RPS28|6234,S100A7|6278
S100A14|57402,S100A14|57402,SAA1|6288,RPS4Y1|6192,S100P|6286
S100P|6286,S100A7|6278,SAA2|6289,S100A14|57402,SAA1|6288
SAA1|6288,S100P|6286,SALL1|6299,S100A7|6278,SALL1|6299
SALL1|6299,SAA1|6288,SCEL|8796,S100P|6286,SCEL|8796
SCEL|8796,SALL1|6299,SCGB1A1|7356,SAA1|6288,SCGB1A1|7356
SCGB1A1|7356,SCEL|8796,SCGB1D2|10647,SALL1|6299,SCGB1D2|10647
SCGB1D2|10647,SCGB1A1|7356,SCGB2A2|4250,SCEL|8796,SCGB2A2|4250
SCGB2A2|4250,SCGB1D2|10647,SCGB3A1|92304,SCGB1A1|7356,SCGB3A1|92304
SCGB3A1|92304,SCGB2A2|4250,SCGB3A2|117156,SCGB1D2|10647,SCGB3A2|117156
SCGB3A2|117156,SCGB3A1|92304,SCGN|10590,SCGB2A2|4250,SCGN|10590
SCGN|10590,SCGB3A2|117156,SCUBE2|57758,SCGB3A1|92304,SCUBE2|57758
SCNN1G|6340,SCGN|10590,SDR16C5|195814,SCGB3A2|117156,SDR16C5|195814
SCUBE2|57758,SCNN1G|6340,SEMA3E|9723,SCGN|10590,SEMA3E|9723
SDR16C5|195814,SCUBE2|57758,SERPINA11|256394,SCNN1G|6340,SERPINA11|256394
SEMA3E|9723,SDR16C5|195814,SERPINA3|12,SCUBE2|57758,SERPINA3|12
SERPINA11|256394,SEMA3E|9723,SERPINA5|5104,SDR16C5|195814,SERPINA5|5104
SERPINA3|12,SERPINA11|256394,SERPINA6|866,SEMA3E|9723,SERPINA6|866
SERPINA5|5104,SERPINA3|12,SERPINB5|5268,SERPINA11|256394,SERPINB5|5268
SERPINA6|866,SERPINA5|5104,SFRP1|6422,SERPINA3|12,SFRP1|6422
SERPINB5|5268,SERPINA6|866,SFRP2|6423,SERPINA5|5104,SFRP2|6423
SFRP1|6422,SERPINB5|5268,SFTA2|389376,SERPINA6|866,SFTA2|389376
SFRP2|6423,SFRP1|6422,SFTA3|253970,SERPINB5|5268,SFTA3|253970
SFTA2|389376,SFTA2|389376,SFTPA1|653509,SFRP1|6422,SFTPA1|653509
SFTA3|253970,SFTA3|253970,SFTPA2|729238,SFRP2|6423,SFTPA2|729238
SFTPA1|653509,SFTPA1|653509,SFTPB|6439,SFTA2|389376,SFTPB|6439
SFTPA2|729238,SFTPA2|729238,SFTPC|6440,SFTA3|253970,SFTPC|6440
SFTPB|6439,SFTPB|6439,SFTPD|6441,SFTPA1|653509,SFTPD|6441
SFTPC|6440,SFTPC|6440,SHISA9|729993,SFTPA2|729238,SHISA9|729993
SFTPD|6441,SFTPD|6441,SLC10A2|6555,SFTPB|6439,SLC10A2|6555
SHISA9|729993,SHISA9|729993,SLC13A1|6561,SFTPC|6440,SLC13A1|6561
SLC10A2|6555,SLC10A2|6555,SLC16A12|387700,SFTPD|6441,SLC16A12|387700
SLC13A1|6561,SLC13A1|6561,SLC17A1|6568,SHISA9|729993,SLC17A1|6568
SLC16A12|387700,SLC16A12|387700,SLC17A3|10786,SLC10A2|6555,SLC17A3|10786
SLC17A1|6568,SLC17A1|6568,SLC17A4|10050,SLC13A1|6561,SLC17A4|10050
SLC17A3|10786,SLC17A3|10786,SLC22A11|55867,SLC16A12|387700,SLC22A11|55867
SLC17A4|10050,SLC17A4|10050,SLC22A12|116085,SLC17A1|6568,SLC22A12|116085
SLC22A11|55867,SLC22A11|55867,SLC22A2|6582,SLC17A3|10786,SLC22A2|6582
SLC22A12|116085,SLC22A12|116085,SLC26A3|1811,SLC17A4|10050,SLC26A3|1811
SLC22A2|6582,SLC22A2|6582,SLC26A9|115019,SLC22A11|55867,SLC26A9|115019
SLC26A3|1811,SLC26A3|1811,SLC28A1|9154,SLC22A12|116085,SLC28A1|9154
SLC26A9|115019,SLC26A9|115019,SLC2A2|6514,SLC22A2|6582,SLC2A2|6514
SLC28A1|9154,SLC28A1|9154,SLC30A8|169026,SLC26A3|1811,SLC34A2|10568
SLC2A2|6514,SLC2A2|6514,SLC34A2|10568,SLC26A9|115019,SLC39A5|283375
SLC30A8|169026,SLC30A8|169026,SLC39A5|283375,SLC28A1|9154,SLC3A1|6519
SLC34A2|10568,SLC34A2|10568,SLC3A1|6519,SLC2A2|6514,SLC45A3|85414
SLC39A5|283375,SLC39A5|283375,SLC45A3|85414,SLC34A2|10568,SLC4A4|8671
SLC3A1|6519,SLC3A1|6519,SLC4A4|8671,SLC39A5|283375,SLC5A10|125206
SLC45A3|85414,SLC45A3|85414,SLC5A10|125206,SLC3A1|6519,SLC5A12|159963
SLC4A4|8671,SLC4A4|8671,SLC5A12|159963,SLC45A3|85414,SLC5A1|6523
SLC5A10|125206,SLC5A10|125206,SLC5A1|6523,SLC4A4|8671,SLC5A8|160728
SLC5A12|159963,SLC5A12|159963,SLC5A8|160728,SLC5A10|125206,SLC6A13|6540
SLC5A1|6523,SLC5A1|6523,SLC6A13|6540,SLC5A12|159963,SLC6A14|11254
SLC5A8|160728,SLC5A8|160728,SLC6A14|11254,SLC5A1|6523,SLC6A19|340024
SLC6A13|6540,SLC6A13|6540,SLC6A19|340024,SLC5A8|160728,SLC6A3|6531
SLC6A14|11254,SLC6A14|11254,SLC6A3|6531,SLC6A13|6540,SLC9A2|6549
SLC6A19|340024,SLC6A19|340024,SLC9A2|6549,SLC6A14|11254,SLCO4C1|353189
SLC6A3|6531,SLC6A3|6531,SLCO4C1|353189,SLC6A19|340024,SLITRK6|84189
SLC9A2|6549,SLC9A2|6549,SLITRK6|84189,SLC6A3|6531,SLPI|6590
SLCO4C1|353189,SLCO4C1|353189,SLPI|6590,SLC9A2|6549,SOX10|6663
SLITRK6|84189,SLITRK6|84189,SOX10|6663,SLCO4C1|353189,SOX2|6657
SLPI|6590,SLPI|6590,SOX2|6657,SLITRK6|84189,SPAG6|9576
SOX10|6663,SOX10|6663,SPAG6|9576,SLPI|6590,SPDEF|25803
SOX2|6657,SOX2|6657,SPDEF|25803,SOX10|6663,SPINK1|6690
SPDEF|25803,SPDEF|25803,SPINK1|6690,SOX2|6657,SPOCK3|50859
SPINK1|6690,SPINK1|6690,SPOCK3|50859,SPDEF|25803,ST6GALNAC1|55808
SPOCK3|50859,SPOCK3|50859,ST6GALNAC1|55808,SPINK1|6690,STAC2|342667
ST6GALNAC1|55808,ST6GALNAC1|55808,STAC2|342667,SPOCK3|50859,SULT1C2|6819
STAC2|342667,STAC2|342667,SULT1C2|6819,ST6GALNAC1|55808,SYT13|57586
SULT1C2|6819,SULT1C2|6819,SYT13|57586,STAC2|342667,SYT9|143425
SYT13|57586,SYT13|57586,SYT9|143425,SYT13|57586,TARP|445347
SYT9|143425,SYT9|143425,TARP|445347,SYT9|143425,TCF21|6943
TARP|445347,TARP|445347,TCF21|6943,TARP|445347,TCN1|6947
TCF21|6943,TCF21|6943,TCN1|6947,TCF21|6943,TFAP2B|7021
TCN1|6947,TCN1|6947,TDRD1|56165,TCN1|6947,TFAP2C|7022
TFAP2B|7021,TFAP2B|7021,TFAP2B|7021,TFAP2B|7021,TFF1|7031
TFAP2C|7022,TFAP2C|7022,TFAP2C|7022,TFAP2C|7022,TFF3|7033
TFF1|7031,TFF1|7031,TFF1|7031,TFF1|7031,TF|7018
TFF3|7033,TFF3|7033,TFF3|7033,TFF3|7033,TGM4|7047
TFPI2|7980,TGM4|7047,TFPI2|7980,TGM4|7047,THBS4|7060
TGM4|7047,THRSP|7069,TGM4|7047,THRSP|7069,THRSP|7069
THRSP|7069,TINAG|27283,THRSP|7069,TINAG|27283,TINAG|27283
TINAG|27283,TM4SF5|9032,TINAG|27283,TM4SF5|9032,TM4SF5|9032
TM4SF5|9032,TMC5|79838,TM4SF5|9032,TMC5|79838,TMC5|79838
TMC5|79838,TMEFF2|23671,TMC5|79838,TMEFF2|23671,TMEFF2|23671
TMEFF2|23671,TMPRSS2|7113,TMEFF2|23671,TMPRSS2|7113,TMPRSS2|7113
TMPRSS2|7113,TMPRSS4|56649,TMPRSS2|7113,TMPRSS4|56649,TMPRSS4|56649
TMPRSS4|56649,TNNT1|7138,TMPRSS4|56649,TNNT1|7138,TNNT1|7138
TNNT1|7138,TNS4|84951,TNNT1|7138,TNS4|84951,TNS4|84951
TNS4|84951,TRIM15|89870,TNS4|84951,TRIM15|89870,TRIM15|89870
TRIM15|89870,TRIM29|23650,TRIM15|89870,TRIM29|23650,TRIM29|23650
TRIM29|23650,TRIM31|11074,TRIM29|23650,TRIM31|11074,TRIM31|11074
TRIM31|11074,TRIM55|84675,TRIM31|11074,TRIM55|84675,TRIM55|84675
TRIM55|84675,TRPM8|79054,TRIM55|84675,TRPM8|79054,TRPM8|79054
TRPM8|79054,TRPV6|55503,TRPM8|79054,TRPV6|55503,TRPV6|55503
TRPV6|55503,TSIX|9383,TRPV6|55503,TSIX|9383,TSIX|9383
TSIX|9383,TSPAN8|7103,TSIX|9383,TSPAN8|7103,TSPAN8|7103
TSPAN8|7103,TTTY15|64595,TSPAN8|7103,TTTY15|64595,TTTY15|64595
TTTY15|64595,UGT1A6|54578,TTTY15|64595,UGT1A6|54578,UGT1A6|54578
UGT1A6|54578,UGT1A9|54600,UGT1A6|54578,UGT1A9|54600,UGT1A9|54600
UGT1A9|54600,UGT2A3|79799,UGT1A9|54600,UGT2A3|79799,UGT2A3|79799
UGT2A3|79799,UGT2B11|10720,UGT2A3|79799,UGT2B11|10720,UGT2B11|10720
UGT2B7|7364,UGT2B7|7364,UGT2B7|7364,UGT2B7|7364,UGT2B7|7364
UGT3A1|133688,UGT3A1|133688,UGT3A1|133688,UGT3A1|133688,UGT3A1|133688
UGT8|7368,UGT8|7368,UGT8|7368,UGT8|7368,UGT8|7368
UPK3A|7380,UPK3A|7380,UPK3A|7380,UPK3A|7380,UPK3A|7380
USH1C|10083,USH1C|10083,USH1C|10083,USH1C|10083,USH1C|10083
USP9Y|8287,USP9Y|8287,USP9Y|8287,USP9Y|8287,USP9Y|8287
UTY|7404,UTY|7404,UTY|7404,UTY|7404,UTY|7404
VIL1|7429,VIL1|7429,VIL1|7429,VIL1|7429,VIL1|7429
VSIG2|23584,VSIG2|23584,VSIG2|23584,VSIG2|23584,VSIG2|23584
VSTM2A|222008,VSTM2A|222008,VSTM2A|222008,VSTM2A|222008,VSTM2A|222008
VSTM2L|128434,VSTM2L|128434,VSTM2L|128434,VSTM2L|128434,VSTM2L|128434
VTCN1|79679,VTCN1|79679,VTCN1|79679,VTCN1|79679,VTCN1|79679
WDR72|256764,WDR72|256764,WDR72|256764,WDR72|256764,WDR72|256764
WIF1|11197,WIF1|11197,WIF1|11197,WIF1|11197,WIF1|11197
WNK2|65268,WNK2|65268,WNK2|65268,WNK2|65268,WNK2|65268
WNK4|65266,WNK4|65266,WNK4|65266,WNK4|65266,WNK4|65266
WNT7B|7477,WNT7B|7477,WNT7B|7477,WNT7B|7477,WNT7B|7477
XAGE1D|9503,XAGE1D|9503,XAGE1D|9503,XAGE1D|9503,XAGE1D|9503
XIST|7503,XIST|7503,XIST|7503,XIST|7503,XIST|7503
ZFY|7544,ZFY|7544,ZFY|7544,ZFY|7544,ZFY|7544
ZG16B|124220,ZG16B|124220,ZG16B|124220,ZG16B|124220,ZG16B|124220
